<?xml version="1.0" encoding="UTF-8"?>
<beans xmlns="http://www.springframework.org/schema/beans"
       xmlns:xsi="http://www.w3.org/2001/XMLSchema-instance"
       xmlns:p="http://www.springframework.org/schema/p"
       xmlns:aop="http://www.springframework.org/schema/aop"
       xmlns:tx="http://www.springframework.org/schema/tx"
       xsi:schemaLocation="http://www.springframework.org/schema/beans http://www.springframework.org/schema/beans/spring-beans-2.0.xsd
       http://www.springframework.org/schema/aop http://www.springframework.org/schema/aop/spring-aop-2.0.xsd
http://www.springframework.org/schema/tx http://www.springframework.org/schema/tx/spring-tx-2.0.xsd">
    
   
    <bean id="urlMapping" class="org.springframework.web.servlet.handler.SimpleUrlHandlerMapping">
        <property name="mappings">
            <props>
                <prop key="/calculator.htm">calculatorController</prop>
                <prop key="/calculate.htm">calculateController</prop>
                
            </props>
        </property>
    </bean>    
   
    
    <bean id="viewResolver"
          class="org.springframework.web.servlet.view.InternalResourceViewResolver"
          p:prefix="/WEB-INF/jsp/"
          p:suffix=".jsp" />
   
    <bean name="calculatorController"
          class="org.springframework.web.servlet.mvc.ParameterizableViewController"
          p:viewName="calculator" />
            
    <bean name="calculateController" class="com.controller.MathsController" p:methodNameResolver-ref="paramResolver"/>

    <bean id="paramResolver" class="org.springframework.web.servlet.mvc.multiaction.ParameterMethodNameResolver">
        <property name="paramName"><value>action</value></property>
    </bean>

</beans>
