{
  "$schema": "./node_modules/@angular/cli/lib/config/schema.json",
  "project": {
    "name": "pwa-angular"
  },
  "apps": [
    {
      "root": "src/client",
      "outDir": "dist/public",
      "assets": [
        "assets",
        "favicon.ico",
        "manifest.json",
        "sw.js",
        "offline.html",
        {
          "glob": "**/*.*",
          "input": "../server/",
          "output": "../"
        },
        {
          "glob": "workbox-sw.prod.*.js",
          "input": "../../node_modules/workbox-sw/build/importScripts/",
          "output": "./"
        }
      ],
      "index": "index.html",
      "main": "main.ts",
      "polyfills": "polyfills.ts",
      "test": "test.ts",
      "tsconfig": "tsconfig.app.json",
      "testTsconfig": "tsconfig.spec.json",
      "prefix": "pwa",
      "styles": ["styles/theme.scss", "styles/mixin.scss", "styles/styles.scss"],
      "scripts": [],
      "environmentSource": "environments/environment.ts",
      "environments": {
        "dev": "environments/environment.ts",
        "prod": "environments/environment.prod.ts"
      }
    }
  ],
  "e2e": {
    "protractor": {
      "config": "./protractor.conf.js"
    }
  },
  "lint": [
    {
      "project": "src/client/tsconfig.app.json"
    },
    {
      "project": "src/client/tsconfig.spec.json"
    },
    {
      "project": "e2e/tsconfig.e2e.json"
    }
  ],
  "test": {
    "karma": {
      "config": "./karma.conf.js"
    }
  },
  "defaults": {
    "styleExt": "scss",
    "component": {
      "flat": true,
      "spec": false,
      "inlineStyle": true,
      "inlineTemplate": true
    }
  }
}
